id,issue,name,rules,public,year
1,0776/13/1,FAZ.NET,"2,8",0,2014
2,0780/13/1,BILD Online,12,0,2014
3,0023/14/1,DITHMARSCHER LANDESZEITUNG,"2,9",0,2014
4,686/13/1,JUNGE FREIHEIT,12,0,2013
5,689/13/2,BILD Online,7,0,2013
6,749/13/2,DINGOLFINGER ANZEIGER,7,0,2013
7,680+681+684/13/1,BILD Online,8,1,2013
8,614/13/1,RC-FREIZEIT,7,0,2013
9,358/13/1,BILD,8,0,2013
10,454/13/1,AUGSBURGER ALLGEMEINE Online,"2,8,9",0,2013
11,334/13/2,PROMI WELT,"1,2",0,2013
12,341/13/2,FRAU AKTUELL,"2,8",0,2013
13,344/13/2,FREIZEIT EXPRESS,2,0,2013
14,345/13/2,MEINE FREIZEIT,"1,2",0,2013
15,348/13/2,DAS NEUE BLATT,"1,2",0,2013
16,381+469+471/13/2,ROCHADE EUROPA,"1,9",0,2013
17,455/13/2,BZ Online,8,0,2013
18,507/13/2,BZ Online,8,0,2013
19,674/12/1 + 675/12/1,BILD Online,8,0,2013
20,0022/13/1,BILD Online,8,0,2013
21,721/12/2,BILD Online,8,0,2013
22,0019/13/2,BILD Online,8,0,2013
23,0045+0046/13/2,BILD,8,0,2013
24,0038/13/1,IN - DAS STAR & STYLE MAGAZIN,7,0,2013
25,0078/13/1,TZ und TZ Online,"8,13",0,2013
26,0156+0158/13/1,BILD Online,"2,8",0,2013
27,0186/13/1,TAZ,"2,9",0,2013
28,0230/13/1,KANZLEI LIFE!,7,0,2013
29,0213/13/2,LAUFZEIT,7,0,2013
30,214/13/2,RUNNING,7,0,2013
31,215/13/2,CONDITION,7,0,2013
32,0040/13/3,SÄCHSISCHE ZEITUNG,8,1,2013
33,0051/13/3,MITTELBAYERISCHE ZEITUNG,8,1,2013
34,0026/12/1,DEUTSCHES WAFFENJOURNAL Online,12,0,2012
35,0817/11/2,BUNTE,7,0,2012
36,0005/12/2,WESER-KURIER,7,0,2012
37,0013/12/2,DRESDNER MORGENPOST,8,0,2012
38,0787/11/2,BILD Online,8,1,2012
39,0835/11/2,DRESDNER MORGENPOST,8,1,2012
40,0827/11/2,B.Z.,"8,11",1,2012
41,0771/11/3,Lünepost,8,0,2012
42,0042/12/1,BILD Online,8,0,2012
43,0242/12/1,WELT Online,"2,9",0,2012
44,0243/12/1,BERLINER MORGENPOST Online,"2,9",0,2012
45,0794/11/2,TV14,7,0,2012
46,0229/12/2,TZ Online,7,0,2012
47,0367/12/2,BILD Online,8,1,2012
48,0404/12/1,TITANIC,9,0,2012
49,0377+0378/12/1,BILD,8,0,2012
50,0409/12/2,BRAND EINS,7,0,2012
51,0592/12/1,TZ und TZ Online,8,0,2012
52,0583/12/2,WETZLARER NEUE ZEITUNG,"2,8",0,2012
53,0597/12/2,MERKUR Online,7,0,2012
54,0535/12/2,BILD Online,8,1,2012
55,0917/10/2,PREMIUS,7,0,2011
56,0831/10/2,Schifffahrt Hafen Bahn und Technik,"2,9",0,2011
57,0391/10/2 + 0429/10/2,BILD,"13,8",1,2011
58,0821/10/2,BILD Online,8,1,2011
59,0669/10/3,Lünepost,8,0,2011
60,0016/11/1,VIEL SPASS,"2,8",0,2011
61,0164 + 0192/11/1,PREMIUS,7,0,2011
62,0252/11/1,RHEINISCHE POST,7,0,2011
63,0169/11/2,VON FRAU ZU FRAU,1,0,2011
64,0213/11/2,Bayerische Staatszeitung,7,0,2011
65,0103/11/2,BILD,8,1,2011
66,0143/11/2,BILD Online,8,1,2011
67,0171/11/2,BILD Online,8,1,2011
68,0454/11/1,LEA,1,0,2011
69,0337/11/2,MERKUR Online,7,0,2011
70,0223/11/2,BILD,8,1,2011
71,0457/11/2,BILD Online,8,1,2011
72,0575/11/2,DAS NEUE,8,0,2011
73,0612/11/1,AUTO ZEITUNG,7,0,2011
74,BK1-451/09,TITANIC-Online,1,0,2010
75,0017/10/1,BILD Online,8,0,2010
76,BK2-409/09,TV14,7,0,2010
77,BK2-414/09,GESUNDE MEDIZIN,7,0,2010
78,BK2-442/09,EXPRESS-Online,"8,11",0,2010
79,BK2-464/09,GONG,7,0,2010
80,0037/10/2,KÖLNER EXPRESS,"1,2,9",0,2010
81,BK1-390 + 391/09,BAD SODENER ZEITUNG,"2,8,9",1,2010
82,BK2-431 + 432/09,BZ Online,"8,13",1,2010
83,BA2-19-09,MITTELBAYERISCHE ZEITUNG,8,1,2010
84,0208/10/1,RHEINISCHE POST,7,0,2010
85,0224/10/1,VOGTLAND-ANZEIGER,"2,9",0,2010
86,0272/10/1,SINDELFINGER ZEITUNG,7,0,2010
87,BK2-441/09,DIE AKTUELLE,"8,2",0,2010
88,0155/10/2,GOSLARSCHE ZEITUNG,11,0,2010
89,0233/10/2,DERWESTEN,8,0,2010
90,0273/10/2,BILD AM SONNTAG,8,1,2010
91,Frankfurt) (0275/10/2,BILD,8,1,2010
92,0524/10/1,SÄCHSISCHE ZEITUNG,8,1,2010
93,0438/10/1,BRAVO GiRL!,8,0,2010
94,0555/10/1,BILD Online,8,0,2010
95,0318/10/1,WELT Online,8,0,2010
96,0443/10/2,KICKER WM-Sonderheft 2010,7,0,2010
97,0295/10/2,FERNSEHWOCHE,7,0,2010
98,0509/10/2,NORDWEST-ZEITUNG-Online,8,1,2010
99,0644/10/,ALLES FÜR DIE FRAU,7,0,2010
100,0645/10/1,TINA,7,0,2010
101,0646/10/1,MACH MAL PAUSE,7,0,2010
102,0647/10/1,LAURA,7,0,2010
103,0652/10/1,HEIM UND WELT,7,0,2010
104,0653/10/1,LEA,7,0,2010
105,0650/10/2,DAS NEUE BLATT,7,0,2010
106,0649/10/2,FREIZEITWOCHE,7,0,2010
107,0651/10/2,DAS NEUE,7,0,2010
108,0635/10/2,DIE NEUE FRAU,7,0,2010
109,0654/10/1,DIE NEUE FRAU,7,0,2010
110,0608/10/1,BERLINER KURIER,7,0,2010
111,0671/10/2,TV14,7,0,2010
112,0673/10/2,TZ Online,7,0,2010
113,Aachen) und BILD-Online (0382/10/1,BILD,8,0,2010
114,BK1-285/08 - BK1-290/08,BILD,"8,11",0,2009
115,BK1-294/08,KÖLNER ILLUSTRIERTE,7,0,2009
116,BK1-312/08,YOGA-AKTUELL,13,0,2009
117,BK2-262/08,REISEFIEBER,7,0,2009
118,BK1-275/08,DIE RHEINPFALZ,8,1,2009
119,BK1-183/08,IN,7,0,2009
120,"BK2-72-74/09, 86/09",BILD,"11,8",0,2009
121,BK2-90/09,BILD Online,11,0,2009
122,BK2-314/08,MYSELF,7,0,2009
123,BK2-42/09,BILD,2,0,2009
124,BK2-53+54/09,PRISMA,7,0,2009
125,BK1-63/09,BILD,"8, 2",1,2009
126,BK2-71 +75-09,BILD Online,8,1,2009
127,BK2-317/08,BILD,"8,13",1,2009
128,BK2-43/09,TAZ,"2,8",1,2009
129,BK2-49/09,SÄCHSISCHE ZEITUNG + ONLINE,8,1,2009
130,BK1-224/09,BILD Online,"1,8",0,2009
131,BK1-231-233/09,BILD,"1,11",0,2009
132,BK1-239/09,DAS NEUE BLATT,2,0,2009
133,BK1-234-09,SCHWÄBISCHE ZEITUNG,8,0,2009
134,BK2-181-09,PRISMA,7,0,2009
135,BK2-249-09,BILD Online,11,0,2009
136,BK2-250-09,BILD Online,"8,11",0,2009
137,BK1-311/09,WELT Online,7,0,2009
138,BK1-354/09,WELT AM SONNTAG,7,0,2009
139,BK1-358/09,OFFENBACH POST-Online,12,0,2009
140,BK1-369/09,THÜRINGER ALLGEMEINE,"1,6",0,2009
141,BK2-316/09,BILD Online,8,1,2009
142,Sarstedter Anzeiger) (BK2-328/09,HILDESHEIMER ALLGEMEINE ZEITUNG,8,1,2009
143,BK2-263/07,GONG,7,0,2008
144,BK2-264/07,IN,7,0,2008
145,BK1-33/08,MARBURGER NEUE ZEITUNG,2,1,2008
146,Bremen) (BK2-221/07,BILD,"1,2,8",1,2008
147,BK1-56/08,DER NEUE TAG,"6,1",0,2008
148,BK1-69/08,NORDKURIER,"13, 8",0,2008
149,BK2-78/08,AUDIMAX,7,0,2008
150,BK2-105/08,ERGOTHERAPIE UND REHABILITATION,"1,7",0,2008
151,BK2-129/08,KICKER,7,0,2008
152,BK2-193/08,MITTELBAYERISCHE ZEITUNG,7,0,2008
153,BK2-197/08,DAS EINFAMILIENHAUS,7,0,2008
154,BK1-200/08,BORKUMER ZEITUNG,8,1,2008
155,BK2-41/08,BUNTE,7,0,2008
156,BK1-142/08,SCHLESWIGER NACHRICHTEN,2,0,2008
157,"BK2-232, 233, 234, 235, 236/08",BILD,"11,8",0,2008
158,BK2-251/08,ANGELWOCHE,7,0,2008
159,BK2-254/08,HAMBURGER MORGENPOST,2,0,2008
160,BK2-318/06,KÖLNER STADT-ANZEIGER,7,0,2007
161,BK2-320/06,NORDWEST-ZEITUNG,7,0,2007
162,BK2-321/06,TV HÖREN UND SEHEN,7,0,2007
163,BK1-327/06,DRESDNER MORGENPOST,8,0,2007
164,BK1-355/06,GO LONGLIFE,7,0,2007
165,BK1-357/06,SUGAR,7,0,2007
166,BK1-362/06,SCHWARZWÄLDER BOTE,"2,11",0,2007
167,BK1-364/06,RTV,7,0,2007
168,BK2-6/07,BILD,7,0,2007
169,BK2-9/07,BILD,"1,11,12",0,2007
170,BK2-16/07,TV HÖREN UND SEHEN,7,0,2007
171,BK1-18/07,MÜNSTERSCHE ZEITUNG,8,0,2007
172,Bremen) (BK1-194/06,BILD,"13,2",1,2007
173,BK2-43 und 44/07,RUNDBLICK NORD-REPORT,12,0,2007
174,BK2-52/07,NEUE WESTFÄLISCHE,7,0,2007
175,Hamburg) (BK2-57/07,BILD,8,1,2007
176,BK1-77/07,AKTIV RADFAHREN,7,0,2007
177,BA2-4/07,SONNTAG AKTUELL,8,1,2007
178,BK1-102/07,HAMBURGER MORGENPOST,7,0,2007
179,BK1-135 und 136/07,BILD,"8,9",0,2007
180,BK2-56/07,BRAVO HIP HOP,"11,1",0,2007
181,BK2-94/07,PRISMA,7,0,2007
182,BK2-95/07,PRISMA,7,0,2007
183,BK2-148/07,NEUE WESTFÄLISCHE,7,0,2007
184,BK1-203/07,COSMOPOLITAN,7,0,2007
185,BK1-210/07,EXPRESS,2,0,2007
186,BK1-225/07,RUBIN,7,0,2007
187,BK2-169/07,DAS NEUE BLATT,7,0,2007
188,BK2-186/07,PC PRAXIS,"1,Präambel",0,2007
189,Eltern Family-Beilage) (BK2-187/07,QUIX!,7,0,2007
190,BK2-191/07,DAS EINFAMILIENHAUS,7,0,2007
191,BK2-194/07,UMBAUEN UND MODERNISIEREN,7,0,2007
192,BK2-241/07,MATADOR,7,0,2007
193,BK2-244/07,REVIERSPORT,8,1,2007
194,BK2-256/05,ABENDZEITUNG München,11,0,2006
195,BK2-257/05,BILD Rhein-Neckar,"2,13",0,2006
196,BK2-276/05,OSTSEE-ZEITUNG,7,0,2006
197,BK2-283/05,ABENDZEITUNG Nürnberg,8,0,2006
198,BK1-295/05,EXPRESS,5,0,2006
199,BK1-300/05,HEALTH & SALES,7,0,2006
200,BK2-1/06,B.Z. Berlin,"9,6,1",0,2006
201,BK1-5/06,THÜRINGER ALLGEMEINE,"1,2,9",0,2006
202,BK2-15/06,SCHWARZWÄLDER POST,7,0,2006
203,BK2-29/06,FOCUS,"8,2",0,2006
204,BK2-36/06,ÖKO-TEST,2,0,2006
205,BK2-48/06,MERIAN,7,0,2006
206,BK2-49/06,ABENDZEITUNG,7,0,2006
207,BK2-50/06,MÜNCHNER MERKUR,"2,3",0,2006
208,BK1-69/06,FRANKENPOST,7,0,2006
209,BK1-82/06,NEUMARKTER NACHRICHTEN,7,0,2006
210,BK2-92/06,FOCUS MONEY,7,0,2006
211,BK2-98/06,HAMBURGER MORGENPOST,8,1,2006
212,BK2-101/06,EXPRESS,11,0,2006
213,BK2-102/06,HAMBURGER MORGENPOST,11,0,2006
214,BK2-103 + 104/06,EXPRESS,8,1,2006
215,BK1-142/06,NEUE PRESSE,8,0,2006
216,BK1-144/06,BILD Stuttgart,8,0,2006
217,BK1-171/06,MAINTAL TAGESANZEIGER,7,0,2006
218,BK2-93 +94/06,BILD,8,0,2006
219,BK2-118/06,DER TAGESSPIEGEL,7,0,2006
220,BK2-147/06,BILD Berlin,12,0,2006
221,BK2-165/06,FREIZEIT REVUE,8,0,2006
222,BK2-167/06,TV SPIELFILM,7,0,2006
223,BK1-206/06,BILD,8,0,2006
224,BK1-210/06,PC MAGAZIN,6,0,2006
225,Mühldorfer Anzeiger) (BK1-220/06,OBERBAYERISCHES VOLKSBLATT,12,0,2006
226,BK2-227/06,HAMBURGER ABENDBLATT,2,0,2006
227,BK2-246/06,DAS GOLDENE BLATT,"1,2",0,2006
228,BK2-252/06,PCgo,6,0,2006
229,BK2-276/06,TOP MAGAZIN KARLSRUHE,7,0,2006
230,BK2-278/06,MYSELF,7,0,2006
231,BK2-156/06,BILD,8,1,2006
232,BK2-166/06,BILD,8,1,2006
233,BK2-236/06,BILD,8,1,2006
234,BK2-258/06,TZ München,8,1,2006
235,BK1-201/04,AUDIMAX,7,0,2005
236,BK1-202/04,AUGSBURGER NEWS,7,0,2005
237,BK1-203/04,SÄCHSISCHE ZEITUNG,"2,8",0,2005
238,BK1-205/04,BRAUNSCHWEIGER ZEITUNG,2,0,2005
239,"BK1-207, 208, 209/04, 9/05",DIE WELT,12,0,2005
240,BK1-210/04,STERN,1,0,2005
241,BK1-213/04,PEINER ALLGEMEINE ZEITUNG,"2,9",0,2005
242,"BK2-240/04, 36/05",WILD UND HUND,12,0,2005
243,"BK1-246/04, 10/05",BERLINER MORGENPOST,12,0,2005
244,BK2-6/05,STRAUBINGER TAGBLATT,12,0,2005
245,BK1-11/05,E-LEARNING JOURNAL,7,0,2005
246,BK2-60/05,POPCORN,"12,1,11",0,2005
247,BK2-66/05,BILD Köln,"8,11",1,2005
248,BK2-67/05,BILD München,8,1,2005
249,BK1-73/05,VERLAG B. KÄMMER,7,0,2005
250,BK1-78/05,HAMBURGER MORGENPOST,8,0,2005
251,BK1-92/05,IMPULSE,2,0,2005
252,BK1-130/05,COMPUTER-PARTNER COMPACT,2,0,2005
253,BK1-133/05,BRANCHEN ANZEIGER,2,0,2005
254,BK2-124/05,BILD,"8,13",0,2005
255,Berlin) (BK2-113 + 114/05,B.Z.,8,1,2005
256,München) (BK1-176/05,ABENDZEITUNG,"8,9",0,2005
257,München) (BK1-177/05,BILD,"8,9",0,2005
258,BK1-182/05,SEGELN,7,0,2005
259,Dresden) (BK2-202/05,BILD,"8,11",0,2005
260,BK1-211/05,BRAVO-Special,7,0,2005
261,BK1-212/05,AKTUELLES AUS DER WIRTSCHAFT,7,0,2005
262,BA2-2/05,BILD,8,1,2005
263,B1-111/03,WIRTSCHAFTSFORUM,7,0,2004
264,B1-193/03,BILD,12,0,2004
265,B1-5/04,WALDECKISCHE LANDES-ZEITUNG/FRANKENBERGER Zeitung,2,0,2004
266,B1-6/04,BILD,"1,9",0,2004
267,B1-8 – 14/04,BILD,"1,11",0,2004
268,B1-16/04,CUXHAVENER NACHRICHTEN,8,1,2004
269,B1-17/04,B.Z.,"2,8",1,2004
270,B1-18/04,BILD,"2,8",1,2004
271,B1-19/04,DAS NEUE BLATT,"2,8",1,2004
272,BK2-25/04,HAMBURGER ABENDBLATT,"8,13",1,2004
273,BK2-26/04,BILD,8,0,2004
274,BK2-27/04,BERLINER KURIER,8,0,2004
275,"BK2-33, 34, 35, 36+38/04",LANDPOST,2,0,2004
276,BK1-62/04,BILD,"1,11",0,2004
277,BK1-63 + 64/04,BILD,8,0,2004
278,BK2-67/04,POPCORN,11,0,2004
279,BK1-70/04,BILD,"1,11",0,2004
280,BK2-76/04,BILD,"2,8",1,2004
281,BK2-78/04,NEUE WESTFÄLISCHE,7,0,2004
282,BK2-88/04,BILD Mainz/Wiesbaden,"4,8",0,2004
283,BK2-89/04,B.Z.,"8,13",0,2004
284,BK1-107/04,DRESDNER MORGENPOST,8,0,2004
285,BK1-108/04,B.Z.,"8,13",0,2004
286,BK1-110/04,UNICUM,7,0,2004
287,BK2-114/04,BILD,8,1,2004
288,BK2-117/04,BILD,"1,2,12",0,2004
289,BK1-118/04,ECONOMY TRIBUNE,7,0,2004
290,BK2-124/04,BERLINER ZEITUNG,7,0,2004
291,BK2-126/04,DER TAGESSPIEGEL,7,0,2004
292,BK2-132/04,B.Z.,14,0,2004
293,BK2-154/04,DER TAGESSPIEGEL,7,0,2004
294,BK2-155/04,BERGEDORFER ZEITUNG,8,0,2004
295,BK2-158/04,DRESDNER MORGENPOST,8,0,2004
296,BK2-169/04,MEIN GELD,7,0,2004
297,B1-258/02,BILD,"2,8",1,2003
298,B1-266/02,GLAMOUR,2,0,2003
299,B1-268/02,HEILBRONNER STIMME,2,0,2003
300,B1-270/02,NEUE REVUE,8,0,2003
301,B1-271/02,ABENDZEITUNG,8,0,2003
302,B1-274/02,MITTELBAYERISCHE ZEITUNG,8,1,2003
303,B1-306/02,OFFENBACH-POST,12,0,2003
304,B1-21/03,EXPRESS,"2,8,9",0,2003
305,B1-26 + 27/03,BILD,8,1,2003
306,B1-57/03,DRESDNER MORGENPOST,8,0,2003
307,B1-60/03,BILD,8,0,2003
308,B1-70/03,BILD,8,1,2003
309,B1-88/03,BILD,13,0,2003
310,B1-95/03,BILD,8,1,2003
311,B1-104/03,CHEMNITZER MORGENPOST,8,0,2003
312,B1-114/03,OFFENBACH-POST,12,0,2003
313,B1-115/03,SÄCHSISCHE ZEITUNG,2,0,2003
314,B1-117/03,BILD München,8,0,2003
315,B1-118 + 151/03,ABENDZEITUNG,8,0,2003
316,B1-120/03,HERSFELDER ZEITUNG,8,1,2003
317,B1-139/03,BILD,"2,9",0,2003
318,B1-158/03,BILD Nürnberg,8,0,2003
319,B1-161-163/03,BERLINER KURIER,"1,11",0,2003
320,B1-177/03,LEINE-ZEITUNG,8,0,2003
321,B1-181/03,BWZ – BUNTE WOCHEN ZEITUNG,7,0,2003
322,B 217/01,DAS NEUE BLATT,2,0,2002
323,B 222/01,BERLINER KURIER,8,0,2002
324,B 232/01,BILD,"4,8",0,2002
325,B 244/01,MAXIM,7,0,2002
326,B 266/01,OFFENBACH-POST,12,0,2002
327,B1-287/01\Z,OSTFRIESISCHER KURIER,8,1,2002
328,B1-1/02 - B1-4/02,STERN,"2,9",0,2002
329,B1-8/02,"RATGEBER FÜR HAUS, WOHNUNG UND GARTEN",7,0,2002
330,B1-9/02 - B1-11/02,BILD,"8,11",0,2002
331,B1-14/02,BILD,"8,11",0,2002
332,B1-19/02,LEINE-DEISTER-ZEITUNG,7,0,2002
333,B1-22/02,SELBER BAUEN,7,0,2002
334,B1-25/02,FHM FOR HIM MAGAZINE,"1,11",0,2002
335,B1-35/02,BILD,"2,8",1,2002
336,B1-40/02,DIE WELT,7,0,2002
337,B1-59/02,WETTERAUER ZEITUNG,"2,9",0,2002
338,B1-61/02,BIBLISER BLATT,12,0,2002
339,B1-65/02,BILD,2,0,2002
340,B1-95/02,ECONO,7,0,2002
341,B1-97/02,NEUE POST,"2,8",0,2002
342,B1-109/02,NÜRNBERGER NACHRICHTEN,"2,9",0,2002
343,B1-116/02,TORGAUER ZEITUNG,"2,13",0,2002
344,B1-125/02,BILD,"4,8",0,2002
345,B1-129/02,HINTERLÄNDER ANZEIGER,8,1,2002
346,B1-131/02,TAZ,1,0,2002
347,B1-133/02,STUTTGARTER ZEITUNG,2,0,2002
348,B1-137/02,BILD,1,0,2002
349,B1-140/02,BERLINER KURIER,8,1,2002
350,B1-141/02,BILD,8,1,2002
351,B1-150/02,BILD,13,0,2002
352,B1-152/02,WESTFALEN-BLATT,"2,12",0,2002
353,B1-178/02,EULENSPIEGEL,1,0,2002
354,B1-203/02,HANNOVERSCHE ALLGEMEINE ZEITUNG,"6,8",1,2002
355,B1-209/02 - B1-210/02,B.Z.,"8,12",0,2002
356,B1-212/02,TV HÖREN UND SEHEN,7,0,2002
357,B1-218/02,TZ,2 und 8,0,2002
358,B1-230/02,BILD,8,0,2002
359,B1-233/02,SÜDDEUTSCHE ZEITUNG,2,0,2002
360,B1-240/02,WILHELMSHAVENER ZEITUNG,8,1,2002
361,B1-249/02 - B1-250/02,BILD,8,0,2002
362,B2-5/02,VOLKSSTIMME MAGDEBURG,"2,3,8",0,2002
363,B 211/00 - B 215/00,BILD,2,0,2001
364,B 217/00,BERLINER MORGENPOST,2,0,2001
365,B 218/00) und (B 219/00,TAZ,2,0,2001
366,B 222/00,STERN,8,0,2001
367,B 195/00,EXPRESS,13,1,2001
368,B 202/00,EXPRESS,"8,13",1,2001
369,B187/00,COUPÉ,"1,2",0,2001
370,B188/00,COUPÉ,"1,2",0,2001
371,B226/00,SÜDDEUTSCHE ZEITUNG,13,0,2001
372,B 5/01,HAMBURGER MORGENPOST,2,0,2001
373,B 8/01,BILD,2,0,2001
374,B 10/01,BILD,"2,6",0,2001
375,B 17/01,BUSINESS MAGAZINE,7,0,2001
376,B 20/01,BRAVO,"2,8",0,2001
377,B 21/01,ALLGÄUER ZEITUNG,9,0,2001
378,B 29/01,NEUE WESTFÄLISCHE,"9,12",0,2001
379,B 34/01,BILD,"8,13",0,2001
380,B 43/01,SONNTAG AKTUELL,2,0,2001
381,B 52/01,COUPÉ,2,0,2001
382,B 53/01,TAZ,1,0,2001
383,B 69/01,COUPÉ,"1,2",0,2001
384,B 70/01,COUPÉ,2,0,2001
385,B 93/01,HÜRRIYET,2,0,2001
386,B 97/01,RUNDY,9,0,2001
387,B 98/01,B.Z.,"8,",0,2001
388,B 105/01-B107/01,BILD Online,"8,11",1,2001
389,B 108/01-B110/01,HAMBURGER MORGENPOST,"8,11",1,2001
390,B 121/01,DRESDNER MORGENPOST,8,1,2001
391,B 47/01,MAX,"2,4",0,2001
392,B 130/01,JUNGE FREIHEIT,9,0,2001
393,B 139/01,BILD,"2,8",0,2001
394,B 144/01 + B 163 - 164/01,RHEIN-ZEITUNG,"2,9",0,2001
395,B 148/01,BILD,2,0,2001
396,B 154/01 - B 155/01,STERN,"2,8",0,2001
397,B 162/01,BILD,"8,13",0,2001
398,B 166/01,BILD,13,0,2001
399,B 174/01 + B 175/01 + B 176/01,OSTFRIESISCHE NACHRICHTEN,"1,6",0,2001
400,B 178/01,JETZT,7,0,2001
401,B 182/01,DAS NEUE BLATT,"2,8",0,2001
402,B 186/01,BILD,"1,9,12",0,2001
403,B 187/01,BILD,"2,8",0,2001
404,B 191/01,TAZ,9,0,2001
405,B 197/01,SAARBRÜCKER ZEITUNG,7,0,2001
406,Sonderheft SHAPE) (B 199/01,FIT MAMA,7,0,2001
407,B 205/01,BILD,"8,13",0,2001
408,B 206/01,EXPRESS,"2,8,13",0,2001
409,B 209/01,EXPRESS,"8,13",0,2001
410,B 184/01,BUTZBACHER ZEITUNG,8,1,2001
411,B 12/00,B.Z.,"8,9",1,2000
412,B 13/00 + B 31/00,VOGUE,11,0,2000
413,B 41/00,B.Z.,8,0,2000
414,B 51/00,BERLINER KURIER,"2,8",0,2000
415,B 86/00,TAZ,8,1,2000
416,B 91/00,BILD,"2,13",0,2000
417,B 93/00,BILD,8,1,2000
418,B 96/00,COUPÉ,"2,14",0,2000
419,B 114/00,STERN,"8,11",0,2000
420,B 136/00,EUROPEAN TRADE NEWS,7,0,2000
421,B 158/00,BILD,11,0,2000
422,B 164/00,B.Z.,2,0,2000
423,B 178/00,FRÄNKISCHER TAG,8,1,2000
424,B 141/98,COUPÉ,1,0,1999
425,B 166/98,N.R.Z.,8,0,1999
426,B 1/99,BILD,"8,13",0,1999
427,B 27/99,MAGAZIN REISE & PREISE,7,0,1999
428,B 33/99,SABAH,9,0,1999
429,B 34/99,TELESTUNDE,7,0,1999
430,B 40/99,NEUE PRESSE,2,0,1999
431,B 45/99,B.Z.,8,0,1999
432,B 49/99,RHEINISCHE POST,"1,2",0,1999
433,B 53/99,SHAPE,"6,7",0,1999
434,B 59/99,TAZ,9,0,1999
435,B 68/99,GRAUE PANTHER,"1,2",0,1999
436,B 76/99,BILD,"2,13",1,1999
437,B 82/99,STERN,8,0,1999
438,B 92/99,HÜRRIYET,2,0,1999
439,B 93/99,BRAVO,2,0,1999
440,B 79/96,TAZ,1,0,1997
441,B 11/97,WESTFALEN-BLATT,"2,12",0,1997
442,B 27/97,COUPÉ,"2,9,14",0,1997
443,B 65/97,BILD,2,0,1997
444,B 67/97,OSTHOLSTEINER ANZEIGER,7,0,1997
445,B 69/97,TITANIC,1,0,1997
446,B 71/97,BÜRGER-ECHO,12,0,1997
447,B 87/97,COUPÉ,12,0,1997
448,B 96/97,COUPÉ,2,0,1997
449,B 109/97,BILD,"8,13",0,1997
450,B 120/97,STERN,11,1,1997
451,B 140/97,JUNGE WELT,1,0,1997
452,B 143/97,BILD,"8,13",0,1997
453,B 152/97,BILD,"2,8",0,1997
454,B 155a - d/97,BILD,"8,11",0,1997
455,B 98a/95,COUPÉ,2,0,1996
456,B 99/95,MÜNCHNER MERKUR,8,0,1996
457,B 102/95,BILD,8,0,1996
458,B 109/95,BILD,2,0,1996
459,B 110/95,BILD,8,0,1996
460,"B 8/96), Kein",EULENSPIEGEL,,0,1996
461,B 42a/96,NEUE POST,"2,8",0,1996
462,B 42b/96,PRALINE,"2,8",0,1996
463,B 53/96,BILD,8,0,1996
464,B 39/96,BILD,11,1,1996
465,B 86a/94,BILD,"4,11",0,1995
466,B 87/94,TANGO,"8,11",1,1995
467,B 88/94,CHEMNITZER MORGENPOST,"2,8",1,1995
468,B 94/94,ANDERE ZEITUNG,9,1,1995
469,B 103/94,TITANIC,10,0,1995
470,B 6/95,BILD,2,0,1995
471,B 15a/95,BILD,"8,11,13",1,1995
472,B 15b/95,ABENDZEITUNG,8,1,1995
473,B 18/95,HÖRZU,12,0,1995
474,B 19/95,B.Z.,"8,13",0,1995
475,B 20/95,BILD,8,0,1995
476,B 22a/95,B.Z.,8,0,1995
477,B 22b/95,BERLINER KURIER,8,0,1995
478,B 34/95,WEINHEIMER NACHRICHTEN,2,0,1995
479,B 51/95,CITY EXPRESS,10,0,1995
480,B 61/95,WEINHEIMER NACHRICHTEN,2,0,1995
481,B 67/95,BILD,8,1,1995
482,B 70/95,BILD,"2,8",0,1995
483,B 44/93,BLITZ ILLU,"2,14",0,1994
484,B 80a/93,EXPRESS,13,1,1994
485,B 87/93,NEUES DEUTSCHLAND,10,0,1994
486,B 88/93,COUPÉ,2,0,1994
487,B 6/94,BILD,2,0,1994
488,B 15/94,BILD,13,1,1994
489,B 31/94,CHEMNITZER MORGENPOST,"8,11",0,1994
490,B 33/94,BILD,12,0,1994
491,B 37/94,ABENDZEITUNG,8,1,1994
492,B 59/94,BILD,"8,9",0,1994
493,B 62/94,BILD,"8,11,13",0,1994
494,B 64/94,BILD,8,0,1994
495,B 74/94,BILD,13,1,1994
496,B 76/94,HÜRRIYET,"2,9",0,1994
497,B 57/92,PFORZHEIMER ZEITUNG,2,0,1993
498,B 64/92,BILD,"8,13",1,1993
499,B 4/93,FAZ,2,0,1993
500,B 18/93,HAMBURGER MORGENPOST,5,1,1993
501,B 26/93,BILD,13,0,1993
502,B 28/93,WESTFALEN-BLATT,12,0,1993
503,B 42a/93,MÜNCHNER MERKUR,8,0,1993
504,B 42b/93,TZ,8,0,1993
505,B 42c/93,BILD,8,0,1993
506,B 48a/93,BILD,8,0,1993
507,B 48b/93,B.Z.,8,0,1993
508,B 48c/93,BERLINER KURIER,8,0,1993
509,B 48e/93,SUPER ILLU,8,0,1993
510,B 49/93,PRALINE,12,0,1993
511,B 51/93,IDEA-SPEKTRUM,9,0,1993
512,B 63a/93,TZ,13,1,1993
513,B 74/93,BILD,8,1,1993
514,B 75/93,SUPER ILLU,"2,8",1,1993
515,B 66/91,QUICK,2,0,1992
516,B 68/91,HÖCHSTER KREISBLATT,9,0,1992
517,B 71/91,BILD AM SONNTAG,8,0,1992
518,B 6/92,BILD,8,1,1992
519,B 14/92,BILD,13,0,1992
520,Regensburg) (B 15/92,DIE WOCHE,8,1,1992
521,B 18/92,STANDORTPRESSE/HALLER TAGEBLATT,7,0,1992
522,B 25/92,BILD,8,1,1992
523,B 32/92,TEMPO,8,1,1992
524,B 38/92,TZ,2,0,1992
525,B 39/92,SUPER ILLU,8,0,1992
526,B 49/92,BILD,"4,9",0,1992
527,B 51/92,PLAYBOY,9,0,1992
528,B 2/91,COUPÉ,"12,14",0,1991
529,B 21/91,QUICK,2,0,1991
530,B 12/91,ABENDZEITUNG,2,0,1991
531,B 20/91,BUNTE,8,0,1991
532,B 27/91,SUPER,1,0,1991
533,B 32/91,MITTELDEUTSCHER EXPRESS,8,0,1991
534,B 47/91,BILD,2,0,1991
535,B 47/91,FREIZEIT REVUE,1,0,1991
536,B 49/91,DEGGENDORFER ZEITUNG,8,0,1991
537,B 51/91,FISHTOWN NEWS,"8,11",0,1991
538,B 54/91,SUPER,8,1,1991
539,B 8/90,HAMBURGER MORGENPOST,4,0,1990
540,B 14/90,ROTHENBURGER KREISZEITUNG,9,0,1990
541,B 17/90,MITTELBAYERISCHE ZEITUNG,"2,10",0,1990
542,B 24/90,DILL-POST,10,0,1990
543,B 29/90,ABENDZEITUNG,13,1,1990
544,B 31/90,TZ,7,0,1990
545,B 59/90,MITTELBAYERISCHE ZEITUNG,12,0,1990
546,B 70/90,MÜNCHNER MERKUR,12,0,1990
547,B 91/90,FRANKFURTER NEUE PRESSE,"1,12",0,1990
548,B 98/90,DARMSTÄDTER ECHO,8,1,1990
549,B 51/87,TEMPO,4,0,1989
550,B 4/89,B.Z.,13,0,1989
551,B 7/89,HERSFELDER ZEITUNG,10,1,1989
552,B 11/89,FULDAER-ZEITUNG,7,0,1989
553,B 26/89,TITANIC,4,0,1989
554,B 40/89,WEINHEIMER NACHRICHTEN,9,0,1989
555,B 32/89,EXPRESS,2,1,1989
556,B 57/89,ALLGÄUER ANZEIGENBLATT,"2,13",1,1989
557,B 41/87,WIENER,4,0,1988
558,B 62/87,BILD,8,1,1988
559,B 1/88,BELLA,1,0,1988
560,B 33/88,BWZ,7,0,1988
561,B 45/88,BUNTE,2,0,1988
562,B 49/88,FRAU MIT HERZ,"2,14",0,1988
563,B 59/88,BUNTE,"2,8",1,1988
564,B24/87,BILD,8,1,1987
565,B 39/87,JA,1,1,1987
566,B 42/87,MÜNCHNER MERKUR,7,0,1987
567,B 44/87,ABENDPOST NACHTAUSGABE,"1,2",0,1987
568,B 46/87,BILD,"1,2",0,1987
569,B 56/87,DER SPIEGEL,2,0,1987
570,B 60/87,STERN,"4,8",0,1987
571,B 27/86,HEIM UND WELT,7,0,1986
572,B 38/86,WIENER,4,0,1986
573,B 42/86,BILD,"8,12",0,1986
574,B 67/86,BAD ORBER ANZEIGER,"7,8",0,1986
